{"count":1,"gauges":{"Basic.CumulativeReward":{"count":185,"max":3,"min":0,"value":0,"weightedAverage":0.0124109816}},"self":15.502576,"total":57.4025615,"children":{"AgentSendState":{"count":34934,"self":0.6298752,"total":1.6906432999999998,"children":{"CollectObservations":{"count":11599,"self":0.69735649999999993,"total":0.69735649999999993,"children":null},"AgentInfo.ToProto":{"count":11599,"self":0.1580468,"total":0.3634116,"children":{"GenerateSensorData":{"count":11599,"self":0.2053648,"total":0.2053648,"children":null}}}}},"DecideAction":{"count":34934,"self":39.9907648,"total":39.990766099999995,"children":null},"AgentAct":{"count":34934,"self":0.2115937,"total":0.2115937,"children":null},"AgentInfo.ToProto":{"count":185,"self":0.0039889999999999995,"total":0.0059841,"children":{"GenerateSensorData":{"count":185,"self":0.0019951,"total":0.0019951,"children":null}}}}}