{"count":1,"gauges":{"Player.CumulativeReward":{"count":21423,"max":29,"min":0,"value":0,"weightedAverage":6.77848142E-12}},"self":97.77207039999999,"total":950.10821879999992,"children":{"AgentSendState":{"count":184401,"self":11.8521848,"total":75.4020815,"children":{"CollectObservations":{"count":409900,"self":46.5379936,"total":46.537993199999995,"children":null},"AgentInfo.ToProto":{"count":409900,"self":5.8799639999999993,"total":17.011903699999998,"children":{"GenerateSensorData":{"count":409900,"self":11.1319392,"total":11.131939599999999,"children":null}}}}},"DecideAction":{"count":184401,"self":774.2952448,"total":774.2952485,"children":null},"AgentAct":{"count":184401,"self":1.8336572,"total":1.8336571,"children":null},"AgentInfo.ToProto":{"count":21423,"self":0.3160202,"total":0.8041659,"children":{"GenerateSensorData":{"count":21423,"self":0.48814569999999996,"total":0.48814569999999996,"children":null}}}}}