{"count":1,"gauges":{"PlayerVisual.CumulativeReward":{"count":1336,"max":7,"min":0,"value":0,"weightedAverage":1.16198549E-07}},"self":10.1526328,"total":1211.1517403999999,"children":{"AgentSendState":{"count":10134,"self":0.8564986,"total":23.17681,"children":{"CollectObservations":{"count":22488,"self":0.2170581,"total":0.2170581,"children":null},"AgentInfo.ToProto":{"count":22488,"self":0.4245315,"total":22.1032533,"children":{"GenerateSensorData":{"count":22488,"self":0.711163,"total":21.678721799999998,"children":{"CameraSensor.GetCompressedObservation":{"count":22488,"self":20.967558399999998,"total":20.9675588,"children":null}}}}}}},"DecideAction":{"count":10134,"self":1176.0979968,"total":1176.0979969999999,"children":null},"AgentAct":{"count":10134,"self":0.1140047,"total":0.1140047,"children":null},"AgentInfo.ToProto":{"count":1336,"self":0.030004399999999997,"total":1.6082957999999998,"children":{"GenerateSensorData":{"count":1336,"self":0.0500086,"total":1.5782914,"children":{"CameraSensor.GetCompressedObservation":{"count":1336,"self":1.5282828,"total":1.5282828,"children":null}}}}}}}