{"count":1,"gauges":{"Player.CumulativeReward":{"count":4003,"max":16,"min":0,"value":1,"weightedAverage":1.90699673}},"self":77.1919296,"total":1877.2706698999998,"children":{"AgentSendState":{"count":97201,"self":15.053479999999999,"total":95.9827943,"children":{"CollectObservations":{"count":436475,"self":64.193152,"total":64.1931546,"children":null},"AgentInfo.ToProto":{"count":436475,"self":8.6322232,"total":16.7361593,"children":{"GenerateSensorData":{"count":436475,"self":8.103936,"total":8.1039364,"children":null}}}}},"DecideAction":{"count":97201,"self":1702.1503487999998,"total":1702.1503831,"children":null},"AgentAct":{"count":97201,"self":1.757031,"total":1.757031,"children":null},"AgentInfo.ToProto":{"count":4003,"self":0.10427919999999999,"total":0.18753309999999998,"children":{"GenerateSensorData":{"count":4003,"self":0.083253899999999992,"total":0.083253899999999992,"children":null}}}}}