{"count":1,"gauges":{},"self":35.9292928,"total":99.063640499999991,"children":{"AgentSendState":{"count":17784,"self":0.75870929999999992,"total":10.1285568,"children":{"CollectObservations":{"count":5928,"self":0.1205126,"total":0.1205126,"children":null},"AgentInfo.ToProto":{"count":5928,"self":0.289108,"total":9.2493349,"children":{"GenerateSensorData":{"count":5928,"self":7.875976,"total":8.9602269,"children":{"RayPerceptionSensor.Perceive":{"count":5928,"self":1.0842507,"total":1.0842507,"children":null}}}}}}},"DecideAction":{"count":17784,"self":52.7540864,"total":52.7540876,"children":null},"AgentAct":{"count":17784,"self":0.2487129,"total":0.2487129,"children":null}}}