{"count":1,"gauges":{"Player.CumulativeReward":{"count":19718,"max":6,"min":-3.69999957,"value":0,"weightedAverage":-0.00239610067}},"self":146.2627968,"total":1637.7810677999998,"children":{"AgentSendState":{"count":224434,"self":14.4199264,"total":86.4615453,"children":{"CollectObservations":{"count":500351,"self":57.050579199999994,"total":57.0505819,"children":null},"AgentInfo.ToProto":{"count":500351,"self":6.9436,"total":14.9910375,"children":{"GenerateSensorData":{"count":500351,"self":8.0474376,"total":8.0474376,"children":null}}}}},"DecideAction":{"count":224434,"self":1401.9088384,"total":1401.908788,"children":null},"AgentAct":{"count":224434,"self":2.5730664,"total":2.5730664,"children":null},"AgentInfo.ToProto":{"count":19718,"self":0.2618852,"total":0.5738748,"children":{"GenerateSensorData":{"count":19718,"self":0.3119896,"total":0.3119896,"children":null}}}}}